ܓx,ox,s{,s撬,厚Eږ,Eʏ̖,X敄En,_̋(KM)
35.496314,133.072193,,]s,c,,182,0.122
35.225089,133.085464,,mSo_,T,,,0.362
35.076758,132.591006,,WqS,T,,,1.255
35.013346,132.63192,,WqS,,,,2.091
36.22453,133.307783,,BSB̓,rc,CO,5,0.025
